{"cameraMode":{"drawMode":0,"name":"Shaded","section":"Shading Mode"},"sceneLighting":true,"audioPlay":false,"sceneViewState":{"showFog":true,"showMaterialUpdate":false,"showSkybox":true,"showFlares":true,"showImageEffects":true,"showParticleSystems":true},"in2DMode":false,"pivot":{"x":13.630369186401368,"y":-29.55831527709961,"z":161.66845703125},"rotation":{"x":-0.09752240777015686,"y":-0.051631733775138858,"z":0.005066149868071079,"w":-0.9938802123069763},"size":188.07803344726563,"orthographic":false}